{"italy-Game1": {"country": "italy"}, "germany-Game1": {"country": "germany"}, "austria-Game1": {"country": "austria"}, "russia-Game1": {"country": "russia"}, "england-Game1": {"country": "england"}, "turkey-Game1": {"country": "turkey"}, "france-Game1": {"country": "france"}, "italy-Game10": {"country": "italy"}, "germany-Game10": {"country": "germany"}, "austria-Game10": {"country": "austria"}, "russia-Game10": {"country": "russia"}, "england-Game10": {"country": "england"}, "turkey-Game10": {"country": "turkey"}, "france-Game10": {"country": "france"}, "germany-Game11": {"country": "germany"}, "italy-Game11": {"country": "italy"}, "austria-Game11": {"country": "austria"}, "russia-Game11": {"country": "russia"}, "england-Game11": {"country": "england"}, "turkey-Game11": {"country": "turkey"}, "france-Game11": {"country": "france"}, "germany-Game12": {"country": "germany"}, "italy-Game12": {"country": "italy"}, "austria-Game12": {"country": "austria"}, "russia-Game12": {"country": "russia"}, "england-Game12": {"country": "england"}, "turkey-Game12": {"country": "turkey"}, "france-Game12": {"country": "france"}, "italy-Game2": {"country": "italy"}, "germany-Game2": {"country": "germany"}, "austria-Game2": {"country": "austria"}, "russia-Game2": {"country": "russia"}, "england-Game2": {"country": "england"}, "turkey-Game2": {"country": "turkey"}, "france-Game2": {"country": "france"}, "italy-Game3": {"country": "italy"}, "germany-Game3": {"country": "germany"}, "austria-Game3": {"country": "austria"}, "russia-Game3": {"country": "russia"}, "england-Game3": {"country": "england"}, "turkey-Game3": {"country": "turkey"}, "france-Game3": {"country": "france"}, "germany-Game4": {"country": "germany"}, "italy-Game4": {"country": "italy"}, "austria-Game4": {"country": "austria"}, "russia-Game4": {"country": "russia"}, "england-Game4": {"country": "england"}, "turkey-Game4": {"country": "turkey"}, "france-Game4": {"country": "france"}, "germany-Game5": {"country": "germany"}, "austria-Game5": {"country": "austria"}, "italy-Game5": {"country": "italy"}, "russia-Game5": {"country": "russia"}, "england-Game5": {"country": "england"}, "turkey-Game5": {"country": "turkey"}, "france-Game5": {"country": "france"}, "germany-Game6": {"country": "germany"}, "austria-Game6": {"country": "austria"}, "russia-Game6": {"country": "russia"}, "turkey-Game6": {"country": "turkey"}, "france-Game6": {"country": "france"}, "england-Game6": {"country": "england"}, "germany-Game7": {"country": "germany"}, "italy-Game7": {"country": "italy"}, "austria-Game7": {"country": "austria"}, "russia-Game7": {"country": "russia"}, "england-Game7": {"country": "england"}, "turkey-Game7": {"country": "turkey"}, "france-Game7": {"country": "france"}, "italy-Game8": {"country": "italy"}, "germany-Game8": {"country": "germany"}, "austria-Game8": {"country": "austria"}, "russia-Game8": {"country": "russia"}, "england-Game8": {"country": "england"}, "turkey-Game8": {"country": "turkey"}, "france-Game8": {"country": "france"}, "italy-Game9": {"country": "italy"}, "germany-Game9": {"country": "germany"}, "austria-Game9": {"country": "austria"}, "russia-Game9": {"country": "russia"}, "england-Game9": {"country": "england"}, "turkey-Game9": {"country": "turkey"}, "france-Game9": {"country": "france"}}