{"Monica Geller": {}, "Joey Tribbiani": {}, "Chandler Bing": {}, "Phoebe Buffay": {}, "TRANSCRIPT_NOTE": {}, "#ALL#": {}, "Ross Geller": {}, "Rachel Green": {}, "Waitress": {}, "Paul the Wine Guy": {}, "Priest On Tv": {}, "Franny": {}, "Customer": {}, "Marsha": {}, "Carol Willick": {}, "Judy Geller": {}, "Susan Bunch": {}, "Barry Farber": {}, "Robbie": {}, "Bernice": {}, "Dr. Oberman": {}, "Paula": {}, "Alan": {}, "The Guys": {}, "Lizzy": {}, "Guys": {}, "Leslie": {}, "Kiki": {}, "Joanne": {}, "Receptionist": {}, "Pizza Guy": {}, "Both": {}, "Kid": {}, "Angela Delveccio": {}, "Janice Litman Goralnik": {}, "Woman": {}, "Bob": {}, "Aurora": {}, "Director": {}, "Jill Goodacre": {}, "Mr. Heckles": {}, "Paolo": {}, "Shelley": {}, "Aunt Lillian": {}, "Nurse Sizemore": {}, "Andrea": {}, "Lowell": {}, "Terry": {}, "Guy": {}, "Girl": {}, "Max": {}, "David": {}, "Sandy": {}, "Bobby Rush": {}, "Dick Clark": {}, "Jay Leno": {}, "Nora Tyler Bing": {}, "Coma Guy": {}, "Phoebe's Assistant": {}, "Roger": {}, "Joey Tribbiani Sr.": {}, "Ronni Rapalono": {}, "Gloria Tribbiani": {}, "Lorraine": {}, "Kristin": {}, "Fireman No. 1": {}, "Fireman No. 2": {}, "Fireman No. 3": {}, "Mrs. Tedlock": {}, "Celia": {}, "Steve (drug addict)": {}, "Ursula": {}, "Teacher": {}, "Helen": {}, "Nina Bookbinder": {}, "Mr. Douglas": {}, "Jamie": {}, "Frank Buffay Jr.": {}, "Soothing Male Voice": {}, "Dr. Mitchell": {}, "Dr. Rosen": {}, "The Whole Party": {}, "Phoebe's Friends": {}, "Aunt Iris": {}, "Intercom": {}, "Luisa Gianetti": {}, "Woman No. 1": {}, "Woman No. 2": {}, "Mindy Hunter": {}, "Danielle": {}, "Fake Monica": {}, "Dr. Baldhara": {}, "Announcement": {}, "Actor": {}, "Casting Director No. 1": {}, "Casting Director No. 2": {}, "Ethan": {}, "Gerston": {}, "Santos": {}, "Petrie": {}, "Dr. Franzblau": {}, "Lydia": {}, "Janitor": {}, "Melanie": {}, "Flight Attendant": {}, "Man": {}, "Carl (Rachel's date)": {}, "Julie": {}, "Paulo": {}, "Annabelle": {}, "Hombre Man": {}, "Store Guy": {}, "Mr. Treeger": {}, "Buddy Boyles": {}, "Alison": {}, "Stranger": {}, "Duncan": {}, "Old Woman": {}, "Jade": {}, "Waiter": {}, "Machine": {}, "Steven Fisher": {}, "Caroline": {}, "Doctor": {}, "Girl 1 On Bus": {}, "Girl 2 On Bus": {}, "Girl 1": {}, "Girl 2": {}, "Stephanie Schiffer": {}, "Transit Authority Guy": {}, "Together": {}, "Michael": {}, "Mr. Ratstatter": {}, "Radio": {}, "Gunther": {}, "Gang": {}, "Grandmother": {}, "Russ": {}, "Estelle Leonard": {}, "Mrs. Wallace": {}, "Sandra Green": {}, "Mr. Adelman": {}, "Minister": {}, "Rob": {}, "Erica Ford": {}, "Dean Lipson": {}, "Kids": {}, "Tv Doctor": {}, "Security Guard": {}, "Trainer": {}, "Director's Assistant": {}, "Susie Moss": {}, "Jean-Claude Van Damme": {}, "Interviewer": {}, "Gail": {}, "Roy": {}, "Chip Matthews": {}, "Richard Burke": {}, "Delivery Guy": {}, "Friend": {}, "Joey's Co-Star": {}, "Tattoo Artist": {}, "Producer": {}, "Eddie Menuek": {}, "Amber": {}, "Dr. Drake Ramoray": {}, "Tilly": {}, "Writer": {}, "Dr. Horton": {}, "Casting Guy": {}, "Mover": {}, "Ben Geller": {}, "Ernie": {}, "Big Bully": {}, "Little Bully": {}, "Mrs. Buffay": {}, "Leonard Green": {}, "Girl's Voice": {}, "Scott Alexander": {}, "Ryan": {}, "Jeannie": {}, "Wedding Planner": {}, "Mr. Wineburg": {}, "Mrs. Wineburg": {}, "Best Man": {}, "Jack Geller": {}, "Woman's Voice": {}, "Michelle Burke": {}, "Sherman Whitfield": {}, "Malcom": {}, "Host": {}, "Mike": {}, "Jasmine": {}, "Isabella Rosselini": {}, "Eric (photographer)": {}, "Friend No. 1": {}, "Friend No. 2": {}, "Her Friends": {}, "Matress King": {}, "Student": {}, "Jester": {}, "Margha": {}, "Sarah Tuttle": {}, "Leader": {}, "Rachel's Boss": {}, "Mr. Kaplan": {}, "Joey's Sisters": {}, "Cookie Tribbiani": {}, "Sister 1": {}, "Joey's Grandmother": {}, "Joey's Sister": {}, "Mary-Angela": {}, "Mary-Theresa": {}, "Mark Robinson": {}, "Jeannine": {}, "Julio (poet)": {}, "Quartet": {}, "The Bass Barber": {}, "Bass Singer": {}, "Clerk": {}, "Robert Bobby": {}, "Richard's Date": {}, "Singer": {}, "Ginger": {}, "Lecturer": {}, "Commercial": {}, "Issac": {}, "Chloe": {}, "Sergei": {}, "Mischa": {}, "Sophie": {}, "The Girls": {}, "Alice Knight": {}, "Hypnosis Tape": {}, "Peter Becker": {}, "Secretary": {}, "Employee": {}, "The Director": {}, "Kate Miller": {}, "Spokeswoman": {}, "Joanna": {}, "Lauren": {}, "Anchorwoman": {}, "Hold Voice": {}, "Tommy": {}, "Cailin": {}, "Stage Manager": {}, "Vince": {}, "Jason": {}, "Dr. Rhodes": {}, "Dr. Johnson": {}, "Pete's Mom": {}, "Fireman": {}, "Guru Saj": {}, "Billy": {}, "Robin Williams": {}, "Robin": {}, "Doug": {}, "Hoshi": {}, "Bonnie": {}, "Phil": {}, "Stevens": {}, "Announcer": {}, "Referee": {}, "Tv Announcer": {}, "Phoebe Abbott": {}, "Ursula Buffay": {}, "Tony": {}, "Peter": {}, "The Salesman": {}, "Oven": {}, "Gym Employee": {}, "Rick Sanoven": {}, "Bank Officer": {}, "Ms. Lambert": {}, "Mrs. Potter": {}, "Mr. Simon": {}, "Kathy": {}, "Joshua Burgin": {}, "Amanda (Ross' date)": {}, "Cheryl": {}, "Mrs. Burkart": {}, "Casey": {}, "Voice": {}, "Nurse": {}, "Timothy Burke": {}, "Mr. Posner": {}, "Mrs. Lynch": {}, "Allesandro": {}, "Drew": {}, "A Waiter": {}, "The Waiter": {}, "The Conductor": {}, "The Woman From Poughkeepsie": {}, "Kitchen Worker": {}, "Woman On Train": {}, "Smart Kid": {}, "Tour Guide": {}, "Older Scientist": {}, "Another Tour Guide": {}, "Another Scientist": {}, "Dr. Zane": {}, "Kathy's Co-Star": {}, "Stephen Waltham": {}, "Emily Waltham": {}, "The A.D": {}, "The Cigarette Smoking Guy": {}, "Charlton Heston": {}, "The Cigarette Guy": {}, "Devon": {}, "Liam": {}, "Ticket Counter Attendant": {}, "Mrs. Chatracus": {}, "The Doctor": {}, "Ticket Agent": {}, "Mrs. Burgin": {}, "Mr. Burgin": {}, "The Singing Man": {}, "The Saleslady": {}, "Sleep Clinic Worker": {}, "Marjorie": {}, "The Stripper": {}, "Dressmaker": {}, "The Vendor": {}, "Fergie": {}, "Housekeeper": {}, "Andrea Waltham": {}, "Felicity": {}, "Drunk Man": {}, "Passenger": {}, "Gate Agent": {}, "Air Hostess": {}, "Dave": {}, "Dr. Harad": {}, "Joey's Doctor": {}, "Male Nurse": {}, "Dan": {}, "Delivery Room Nurse": {}, "Stage Director": {}, "Emeril": {}, "Pbs Volunteer": {}, "Gary Collins": {}, "Hotel Clerk": {}, "Danny": {}, "Health Inspector": {}, "Larry": {}, "Tom": {}, "The Housekeeper": {}, "The Paramedic": {}, "The Teacher": {}, "Cynthia": {}, "Dr. Ledbetter": {}, "A Female Student": {}, "The Man": {}, "Danny's Sister": {}, "Krista": {}, "Elizabeth Hornswoggle": {}, "Kara": {}, "Frank Buffay Sr.": {}, "The Pastor": {}, "The Casting Director": {}, "Katie": {}, "Steve Cera": {}, "Party Guests": {}, "Guest #1": {}, "Guest #2": {}, "Guest #3": {}, "The Smoking Woman": {}, "Cop": {}, "Gary": {}, "The Saleswoman": {}, "Gary's Radio": {}, "The Old Man": {}, "The Little Girl": {}, "Mr. Zelner": {}, "The Hot Girl": {}, "Jen": {}, "Kim": {}, "Nancy": {}, "Kyle": {}, "Raymond": {}, "Delivery Girl": {}, "Caitlin": {}, "Grandma Tribbiani": {}, "Answering Machine": {}, "Dr. Miller": {}, "Stanley": {}, "The Grip": {}, "The Husband": {}, "A Casino Boss": {}, "A Tourist": {}, "The Croupier": {}, "The Flight Attendant": {}, "Blackjack Dealer": {}, "The Woman Dealer": {}, "Joey's Hand Twin": {}, "A Drunken Gambler": {}, "Drunken Gambler": {}, "The Lurker": {}, "The Security Guard": {}, "The Attendant": {}, "Attendant": {}, "Croupler": {}, "Hitchhiker": {}, "Stephanie": {}, "Karin": {}, "Meg": {}, "Russell": {}, "The Potential Roommate": {}, "The Professor": {}, "Casting Director #1": {}, "Casting Director #2": {}, "Casting Director #3": {}, "A Crew Member": {}, "Alex": {}, "A Student": {}, "Guy #1": {}, "Guy #2": {}, "The Porsche Owner": {}, "Judge": {}, "Passerby": {}, "Janine Lecroix": {}, "Ralph Lauren": {}, "Hillary": {}, "Tall Guy": {}, "Patron": {}, "Customers": {}, "Jill Green": {}, "A Male Customer": {}, "The Fan": {}, "Buffay": {}, "The Vampire": {}, "Man's Voice": {}, "Another Man's Voice": {}, "Same Man's Voice": {}, "Monica's Boyfriend": {}, "Guy All The Way In The Back": {}, "Dr. Wesley": {}, "Hope": {}, "Dr. Roger": {}, "Arthur": {}, "Jack": {}, "Joey's Look-A-Like": {}, "Carl (Joey's lookalike)": {}, "The Instructor": {}, "Janice's Voice": {}, "Burt": {}, "Elizabeth Stevens": {}, "Fireman #1": {}, "Dana Keystone": {}, "Fireman #2": {}, "Mel": {}, "Professor Feesen": {}, "Sebastian": {}, "Eldad": {}, "Patrick": {}, "The Producer": {}, "Wayne": {}, "C.H.E.E.S.E.": {}, "Paul Stevens": {}, "The Dry Cleaner": {}, "The Museum Official": {}, "Female Clerk": {}, "Male Jeweler": {}, "Female Jeweler": {}, "Mr. Thompson": {}, "Zoe": {}, "Sarah": {}, "First Dorm Guy": {}, "Second Dorm Guy": {}, "Matire'D": {}, "Lisa": {}, "Emil Alexander": {}, "Mr. Bowmont": {}, "Narrator": {}, "Mac": {}, "Hilda": {}, "Tag Jones": {}, "Nurse #1": {}, "Nurse #2": {}, "Dr. Stryker Remoray": {}, "Melissa Warburton": {}, "The Photographer": {}, "The Cute Guy": {}, "Whitney": {}, "Julie Graff": {}, "Joey's Date": {}, "Erin": {}, "Female Student": {}, "Male Student": {}, "The Waitress": {}, "The Colonel": {}, "The Librarian": {}, "The Head Librarian": {}, "The Knocker": {}, "The Woman": {}, "Maitre D'": {}, "Male Guest": {}, "Salesman": {}, "The Wedding Guest": {}, "The Second Guest": {}, "Aunt Millie": {}, "Smoke Detector": {}, "A Disembodied Voice": {}, "The Fireman": {}, "Supervisor": {}, "Earl": {}, "The \"Hey Guy\" Guy": {}, "Marge": {}, "The Man In The Sportscar": {}, "Dina": {}, "Jessica Lockhart": {}, "Cecilia": {}, "The Writer": {}, "Fredrick": {}, "Matthew Perry": {}, "Lisa Kudrow": {}, "Kristen Leigh": {}, "Megan Bailey": {}, "A Woman": {}, "Lewis": {}, "Ned Morse": {}, "Jake": {}, "The Presenter": {}, "Jessica Ashley": {}, "Cassie Geller": {}, "The Other Woman": {}, "Waiter In Drag": {}, "Helena": {}, "Policeman": {}, "The Chorus Line": {}, "The Assistant Director": {}, "Charles Bing": {}, "The Rabbi": {}, "Photographer": {}, "Bandleader": {}, "Mona": {}, "Dennis Phillips": {}, "Little Girl": {}, "Second Girl": {}, "Ashley": {}, "Fat Girl": {}, "Gert": {}, "Front Desk Clerk": {}, "Woman At The Wedding": {}, "Man At The Wedding": {}, "Anxious Wedding Guest": {}, "Airline Employee": {}, "Dr. Long": {}, "Kristen": {}, "Tim": {}, "Mr. Franklin": {}, "Bob (Chandler's coworker)": {}, "Kash": {}, "Witch": {}, "Clown": {}, "Cowgirl": {}, "Ballerina": {}, "Eric": {}, "Boy In The Cape": {}, "Mrs. Verhoeven's Daughter": {}, "Brenda": {}, "Stripper": {}, "Hooker": {}, "Stu": {}, "Will Colbert": {}, "Bobby Corso": {}, "Trudie Styler": {}, "Dr. Schiff": {}, "Locksmith": {}, "Man On Tv": {}, "Woman On Tv": {}, "Don": {}, "Waiter No. 2": {}, "Jim": {}, "Mona's Date": {}, "Parker": {}, "Aunt Lisa": {}, "Uncle Dan": {}, "The Interviewer": {}, "Janine": {}, "Ray": {}, "Cashier": {}, "The Food Critic": {}, "The Cooking Teacher": {}, "Katie (saleswoman)": {}, "The Acting Teacher": {}, "Julie Coreger": {}, "Marc Coreger": {}, "Evil Bitch": {}, "Sick Bastard": {}, "Woman Giving Birth": {}, "Cliff": {}, "Sid Goralnik": {}, "Ms. Mckenna": {}, "Mike Hannigan": {}, "Mary Ellen": {}, "Dr. Gettleman": {}, "Sally": {}, "Boy": {}, "Hayley": {}, "Hayley's Roommate": {}, "Ken": {}, "Claudia": {}, "Waiters": {}, "Prospective Nanny": {}, "Catherine": {}, "Bitsy Hannigan": {}, "Theodore": {}, "Woman At Door": {}, "Amy Green": {}, "Jo Lynn": {}, "Bill": {}, "Kevin": {}, "Wendy": {}, "Others": {}, "Gavin Mitchell": {}, "Extra": {}, "Another Extra": {}, "Molly": {}, "Heather": {}, "Salon Girl": {}, "Sonia": {}, "Blonde Girl": {}, "Michelle": {}, "Her Friend": {}, "Steve": {}, "Waiter #2": {}, "Intern": {}, "Lennart": {}, "Producer #1": {}, "Lowell (mugger)": {}, "Boss": {}, "Handyman": {}, "Strange Man": {}, "Manny": {}, "Kori": {}, "Racel": {}, "Message": {}, "Second Message": {}, "Olivia": {}, "Chase Lassiter": {}, "1st Customer": {}, "Chandlers": {}, "Charlie Wheeler": {}, "Professor Spafford": {}, "Jane": {}, "Kyle Lowder": {}, "Matthew Ashford": {}, "Bitter Lady": {}, "Dirk": {}, "Bitter Woman": {}, "Doctor Connelly": {}, "Professor Sherman": {}, "Shop Assistant": {}, "Zack": {}, "Jeanette": {}, "Man With A Bow Tie": {}, "Alexandra Steele": {}, "Jarvis Oberblau": {}, "Paleontologist": {}, "Professore Clerk": {}, "Precious": {}, "Colleen": {}, "Owen": {}, "Assistant": {}, "Amanda Buffamonteezi": {}, "Glenda": {}, "Emma": {}, "Benjamin Hobart": {}, "Dr. Li": {}, "Dr. Biely": {}, "Charity Guy": {}, "Laura": {}, "Agency Guy": {}, "Erica": {}, "Adoption Agency Guy": {}, "Missy Goldberg": {}, "Donny Osmond": {}, "Gene": {}, "Henrietta": {}, "Adrienne": {}, "Mike's Mother": {}, "Mike's Father": {}, "Mike's Mom": {}, "Mike's Dad": {}, "Tape": {}, "Casting Assistant": {}, "Mr. Campbell": {}, "Realtor": {}, "Mackenzie": {}, "Rita": {}, "Lady": {}, "Jennifer Aniston": {}, "Gate Attendant #1": {}, "Passenger #1": {}, "Air Stewardess": {}, "Passenger #2": {}, "Passenger #3": {}, "Gate Attendant #2": {}}