{"Zack": {}, "Richard Burke": {}, "Casting Director #2": {}, "Patrick": {}, "C.H.E.E.S.E.": {}, "Friend": {}, "Producer #1": {}, "Ballerina": {}, "The Cute Guy": {}, "Lydia": {}, "Phoebe's Friends": {}, "Mrs. Chatracus": {}, "Cookie Tribbiani": {}, "Helena": {}, "Paul the Wine Guy": {}, "Robbie": {}, "Minister": {}, "TRANSCRIPT_NOTE": {}, "Actor": {}, "Air Stewardess": {}, "Andrea": {}, "Sherman Whitfield": {}, "Scott Alexander": {}, "Dr. Rhodes": {}, "The Cigarette Smoking Guy": {}, "Woman On Tv": {}, "Don": {}, "Interviewer": {}, "Announcer": {}, "Friend No. 2": {}, "Dr. Oberman": {}, "Carol Willick": {}, "Aunt Lisa": {}, "Quartet": {}, "Meg": {}, "Sandy": {}, "Older Scientist": {}, "Casting Director No. 2": {}, "Kyle Lowder": {}, "Charlie Wheeler": {}, "Pizza Guy": {}, "Matire'D": {}, "Voice": {}, "Dr. Franzblau": {}, "Monica Geller": {}, "Guest #2": {}, "Casting Director #1": {}, "Richard's Date": {}, "Janice's Voice": {}, "Gate Agent": {}, "Professore Clerk": {}, "Lorraine": {}, "Waiter": {}, "Joey's Look-A-Like": {}, "Dave": {}, "Monica's Boyfriend": {}, "Sick Bastard": {}, "Jay Leno": {}, "The Croupier": {}, "Mr. Treeger": {}, "Director's Assistant": {}, "The Flight Attendant": {}, "Paolo": {}, "The Photographer": {}, "Joey's Hand Twin": {}, "Steve Cera": {}, "Casting Guy": {}, "The Dry Cleaner": {}, "Heather": {}, "Malcom": {}, "Jester": {}, "Little Bully": {}, "Hypnosis Tape": {}, "Gym Employee": {}, "Customer": {}, "Drunk Man": {}, "Fergie": {}, "Eldad": {}, "Lisa": {}, "Julie": {}, "A Tourist": {}, "Guy #1": {}, "Tattoo Artist": {}, "Mr. Campbell": {}, "Lowell": {}, "The Knocker": {}, "Billy": {}, "Glenda": {}, "Erica": {}, "Dr. Horton": {}, "Ernie": {}, "Liam": {}, "Assistant": {}, "The Assistant Director": {}, "Others": {}, "Mona": {}, "Matthew Ashford": {}, "Boy In The Cape": {}, "The Fan": {}, "Ethan": {}, "Mike Hannigan": {}, "Gary's Radio": {}, "Molly": {}, "Strange Man": {}, "Robin Williams": {}, "Mr. Burgin": {}, "Narrator": {}, "Gene": {}, "Doctor": {}, "Passerby": {}, "Dr. Long": {}, "Dean Lipson": {}, "Uncle Dan": {}, "Girl's Voice": {}, "The Guys": {}, "Gert": {}, "The Woman From Poughkeepsie": {}, "The Stripper": {}, "Gloria Tribbiani": {}, "Mrs. Wallace": {}, "Roy": {}, "Dr. Roger": {}, "The Man": {}, "Dr. Baldhara": {}, "A Disembodied Voice": {}, "Alison": {}, "Bobby Corso": {}, "Salesman": {}, "Joey's Sisters": {}, "Guys": {}, "Michael": {}, "Male Student": {}, "Bobby Rush": {}, "Dina": {}, "Mover": {}, "Tim": {}, "Joey's Doctor": {}, "Luisa Gianetti": {}, "Paleontologist": {}, "Party Guests": {}, "Stephanie": {}, "A Casino Boss": {}, "Mr. Adelman": {}, "Hope": {}, "Commercial": {}, "The Other Woman": {}, "Marsha": {}, "Theodore": {}, "Woman At The Wedding": {}, "Waiter No. 2": {}, "Boy": {}, "Hooker": {}, "Gary": {}, "Adrienne": {}, "Ross Geller": {}, "Rachel Green": {}, "Jim": {}, "Steve": {}, "A Crew Member": {}, "The Interviewer": {}, "Dr. Mitchell": {}, "Jennifer Aniston": {}, "Elizabeth Hornswoggle": {}, "Tape": {}, "Lizzy": {}, "Ticket Counter Attendant": {}, "Hoshi": {}, "The Second Guest": {}, "Janine Lecroix": {}, "Machine": {}, "Secretary": {}, "Flight Attendant": {}, "Dr. Stryker Remoray": {}, "Aurora": {}, "Bitsy Hannigan": {}, "Ben Geller": {}, "The Chorus Line": {}, "Brenda": {}, "Jane": {}, "Man": {}, "Tall Guy": {}, "Her Friends": {}, "Mark Robinson": {}, "Roger": {}, "The Old Man": {}, "Burt": {}, "Dennis Phillips": {}, "The Director": {}, "Ms. Lambert": {}, "Marc Coreger": {}, "Mel": {}, "Fireman": {}, "Mackenzie": {}, "Sophie": {}, "Shelley": {}, "Parker": {}, "Guest #1": {}, "Frank Buffay Sr.": {}, "Sonia": {}, "Together": {}, "Boss": {}, "Second Dorm Guy": {}, "Krista": {}, "Kara": {}, "Waiter #2": {}, "Hayley": {}, "Peter": {}, "Cliff": {}, "Joey Tribbiani": {}, "Message": {}, "Rob": {}, "Fat Girl": {}, "Guy All The Way In The Back": {}, "Adoption Agency Guy": {}, "Hillary": {}, "Gate Attendant #1": {}, "Duncan": {}, "Tony": {}, "Amanda (Ross' date)": {}, "Annabelle": {}, "Second Message": {}, "Stanley": {}, "The Head Librarian": {}, "Girl 1": {}, "The Cigarette Guy": {}, "Delivery Guy": {}, "Whitney": {}, "Raymond": {}, "The Paramedic": {}, "Jack": {}, "Intercom": {}, "Bob": {}, "Stage Manager": {}, "Jasmine": {}, "Hold Voice": {}, "Doug": {}, "The Museum Official": {}, "Devon": {}, "The Grip": {}, "Shop Assistant": {}, "Tv Doctor": {}, "Cowgirl": {}, "Estelle Leonard": {}, "Radio": {}, "Woman No. 1": {}, "Girl 2 On Bus": {}, "Dirk": {}, "Female Jeweler": {}, "Paula": {}, "Sarah": {}, "Ned Morse": {}, "Lecturer": {}, "Hombre Man": {}, "Photographer": {}, "Timothy Burke": {}, "Felicity": {}, "Woman's Voice": {}, "Croupler": {}, "Producer": {}, "Tag Jones": {}, "Same Man's Voice": {}, "Alan": {}, "Girl 1 On Bus": {}, "Caroline": {}, "Danny's Sister": {}, "Waiters": {}, "Drunken Gambler": {}, "Another Extra": {}, "Mike's Mom": {}, "Franny": {}, "Mr. Kaplan": {}, "Emma": {}, "Kristin": {}, "The Cooking Teacher": {}, "Fireman #2": {}, "Kid": {}, "Woman": {}, "Precious": {}, "Male Guest": {}, "Bandleader": {}, "Her Friend": {}, "Hilda": {}, "Katie": {}, "Another Scientist": {}, "The Hot Girl": {}, "The Doctor": {}, "Joey's Date": {}, "Emily Waltham": {}, "Issac": {}, "Spokeswoman": {}, "Paulo": {}, "Jessica Ashley": {}, "Matress King": {}, "Dr. Harad": {}, "Santos": {}, "Rick Sanoven": {}, "Nancy": {}, "Stage Director": {}, "Katie (saleswoman)": {}, "Charles Bing": {}, "Jack Geller": {}, "Cop": {}, "The Girls": {}, "Sister 1": {}, "Joey's Grandmother": {}, "Kids": {}, "Rita": {}, "Trainer": {}, "The Saleslady": {}, "Lady": {}, "Agency Guy": {}, "Joanne": {}, "Stephen Waltham": {}, "The Fireman": {}, "Mindy Hunter": {}, "Melanie": {}, "Emeril": {}, "Clown": {}, "Passenger #1": {}, "A Female Student": {}, "Max": {}, "Amy Green": {}, "Woman Giving Birth": {}, "Kiki": {}, "Lewis": {}, "Store Guy": {}, "Smart Kid": {}, "Steve (drug addict)": {}, "Announcement": {}, "The Little Girl": {}, "Guy": {}, "Tommy": {}, "The Presenter": {}, "Fredrick": {}, "Mrs. Burgin": {}, "Ryan": {}, "Writer": {}, "Pete's Mom": {}, "The Wedding Guest": {}, "Russell": {}, "Airline Employee": {}, "Kash": {}, "Teacher": {}, "Frank Buffay Jr.": {}, "Mr. Simon": {}, "Jen": {}, "Aunt Millie": {}, "Lauren": {}, "The Salesman": {}, "Stephanie Schiffer": {}, "Phoebe Abbott": {}, "Bitter Woman": {}, "Mrs. Potter": {}, "Phoebe's Assistant": {}, "The Professor": {}, "The Bass Barber": {}, "Judy Geller": {}, "The Smoking Woman": {}, "Wendy": {}, "Marjorie": {}, "Tv Announcer": {}, "The \"Hey Guy\" Guy": {}, "Nurse": {}, "Girl": {}, "Fake Monica": {}, "Grandma Tribbiani": {}, "The Husband": {}, "Coma Guy": {}, "Russ": {}, "Hitchhiker": {}, "Eric (photographer)": {}, "Delivery Room Nurse": {}, "Michelle": {}, "Terry": {}, "The Porsche Owner": {}, "Handyman": {}, "Ginger": {}, "Mrs. Verhoeven's Daughter": {}, "Mischa": {}, "The Rabbi": {}, "Mrs. Tedlock": {}, "Julio (poet)": {}, "Mrs. Wineburg": {}, "#ALL#": {}, "Isabella Rosselini": {}, "Anxious Wedding Guest": {}, "Caitlin": {}, "A Waiter": {}, "The Vendor": {}, "The Waitress": {}, "Professor Sherman": {}, "Gail": {}, "Waitress": {}, "Mary-Angela": {}, "Student": {}, "Janitor": {}, "Olivia": {}, "Alice Knight": {}, "Dick Clark": {}, "Jessica Lockhart": {}, "Gang": {}, "Kristen": {}, "Cheryl": {}, "Janine": {}, "Racel": {}, "Angela Delveccio": {}, "Woman No. 2": {}, "Best Man": {}, "Dr. Drake Ramoray": {}, "Housekeeper": {}, "Dr. Biely": {}, "David": {}, "Bonnie": {}, "Cashier": {}, "Male Nurse": {}, "Rachel's Boss": {}, "Nurse #1": {}, "The Producer": {}, "Salon Girl": {}, "Soothing Male Voice": {}, "Kevin": {}, "Leonard Green": {}, "Ursula": {}, "The Housekeeper": {}, "Employee": {}, "Michelle Burke": {}, "Security Guard": {}, "Fireman No. 1": {}, "Jade": {}, "The Pastor": {}, "Marge": {}, "Lisa Kudrow": {}, "Sergei": {}, "Drew": {}, "Julie Graff": {}, "Joshua Burgin": {}, "First Dorm Guy": {}, "Earl": {}, "Kyle": {}, "Mary-Theresa": {}, "Both": {}, "Stevens": {}, "Bernice": {}, "Sid Goralnik": {}, "The Writer": {}, "The Singing Man": {}, "The Attendant": {}, "Gavin Mitchell": {}, "Chandlers": {}, "Joey's Co-Star": {}, "Bitter Lady": {}, "Dr. Rosen": {}, "Tilly": {}, "Dr. Wesley": {}, "Hayley's Roommate": {}, "Mike": {}, "Realtor": {}, "Passenger": {}, "Joey's Sister": {}, "Woman On Train": {}, "Mike's Father": {}, "Buddy Boyles": {}, "Big Bully": {}, "Sarah Tuttle": {}, "The Conductor": {}, "Gate Attendant #2": {}, "Casting Assistant": {}, "Alexandra Steele": {}, "Gunther": {}, "Karin": {}, "Supervisor": {}, "Pbs Volunteer": {}, "The Librarian": {}, "Carl (Rachel's date)": {}, "Transit Authority Guy": {}, "Jason": {}, "Ken": {}, "Matthew Perry": {}, "Male Jeweler": {}, "Smoke Detector": {}, "Zoe": {}, "Ticket Agent": {}, "Jarvis Oberblau": {}, "Blackjack Dealer": {}, "Kathy's Co-Star": {}, "Jill Green": {}, "Steven Fisher": {}, "Locksmith": {}, "The Food Critic": {}, "Female Student": {}, "Dressmaker": {}, "1st Customer": {}, "Clerk": {}, "Susie Moss": {}, "A Drunken Gambler": {}, "A Student": {}, "Woman At Door": {}, "Another Man's Voice": {}, "Singer": {}, "Chloe": {}, "Robert Bobby": {}, "Bob (Chandler's coworker)": {}, "Cailin": {}, "Girl 2": {}, "Health Inspector": {}, "Director": {}, "Kori": {}, "Mr. Bowmont": {}, "Jeanette": {}, "The Colonel": {}, "The Casting Director": {}, "Ursula Buffay": {}, "Dr. Ledbetter": {}, "Celia": {}, "Danny": {}, "Hotel Clerk": {}, "Witch": {}, "Julie Coreger": {}, "Mary Ellen": {}, "Buffay": {}, "Megan Bailey": {}, "Little Girl": {}, "Answering Machine": {}, "Customers": {}, "Mr. Ratstatter": {}, "A Woman": {}, "Catherine": {}, "Jeannie": {}, "Guru Saj": {}, "Dr. Miller": {}, "Joey Tribbiani Sr.": {}, "Grandmother": {}, "The Instructor": {}, "Phil": {}, "Elizabeth Stevens": {}, "Mike's Mother": {}, "Stranger": {}, "Bank Officer": {}, "Casey": {}, "Dr. Zane": {}, "The A.D": {}, "Delivery Girl": {}, "The Man In The Sportscar": {}, "Amber": {}, "Larry": {}, "Tom": {}, "Laura": {}, "Maitre D'": {}, "Dr. Schiff": {}, "Jill Goodacre": {}, "Andrea Waltham": {}, "Mr. Posner": {}, "Helen": {}, "Phoebe Buffay": {}, "Front Desk Clerk": {}, "Tour Guide": {}, "Referee": {}, "Mr. Wineburg": {}, "Jake": {}, "Cassie Geller": {}, "Man On Tv": {}, "Missy Goldberg": {}, "Leader": {}, "Donny Osmond": {}, "Chip Matthews": {}, "Man At The Wedding": {}, "Manny": {}, "Ronni Rapalono": {}, "Eric": {}, "Dr. Li": {}, "Old Woman": {}, "Jo Lynn": {}, "Melissa Warburton": {}, "Wayne": {}, "Mrs. Burkart": {}, "Patron": {}, "Oven": {}, "Friend No. 1": {}, "Danielle": {}, "Receptionist": {}, "Petrie": {}, "Passenger #2": {}, "Kitchen Worker": {}, "Another Tour Guide": {}, "The Teacher": {}, "Cynthia": {}, "Charity Guy": {}, "Bill": {}, "Nora Tyler Bing": {}, "Joanna": {}, "The Potential Roommate": {}, "Fireman #1": {}, "The Acting Teacher": {}, "Mrs. Lynch": {}, "Dr. Johnson": {}, "The Woman Dealer": {}, "Cecilia": {}, "Nurse Sizemore": {}, "Female Clerk": {}, "Erin": {}, "Jean-Claude Van Damme": {}, "Anchorwoman": {}, "Dr. Gettleman": {}, "Peter Becker": {}, "The Woman": {}, "The Waiter": {}, "Attendant": {}, "Ralph Lauren": {}, "Mrs. Buffay": {}, "Eddie Menuek": {}, "Susan Bunch": {}, "Blonde Girl": {}, "Chase Lassiter": {}, "Henrietta": {}, "Sebastian": {}, "Waiter In Drag": {}, "The Whole Party": {}, "Nina Bookbinder": {}, "Sally": {}, "Lennart": {}, "Casting Director #3": {}, "Mona's Date": {}, "A Male Customer": {}, "Gerston": {}, "Charlton Heston": {}, "Fireman No. 2": {}, "Wedding Planner": {}, "Professor Feesen": {}, "Host": {}, "Kate Miller": {}, "Kristen Leigh": {}, "Arthur": {}, "Will Colbert": {}, "Jamie": {}, "Sleep Clinic Worker": {}, "Ms. Mckenna": {}, "Amanda Buffamonteezi": {}, "Mr. Douglas": {}, "Evil Bitch": {}, "Aunt Iris": {}, "Barry Farber": {}, "Policeman": {}, "Lowell (mugger)": {}, "Paul Stevens": {}, "Second Girl": {}, "Robin": {}, "Carl (Joey's lookalike)": {}, "Man With A Bow Tie": {}, "Judge": {}, "Mr. Franklin": {}, "Professor Spafford": {}, "Bass Singer": {}, "Fireman No. 3": {}, "Aunt Lillian": {}, "Mike's Dad": {}, "Dana Keystone": {}, "Chandler Bing": {}, "Guest #3": {}, "Prospective Nanny": {}, "Owen": {}, "Priest On Tv": {}, "Intern": {}, "Jeannine": {}, "Guy #2": {}, "Extra": {}, "Emil Alexander": {}, "Mr. Heckles": {}, "Sandra Green": {}, "The Security Guard": {}, "Passenger #3": {}, "Vince": {}, "The Vampire": {}, "The Saleswoman": {}, "Kathy": {}, "Air Hostess": {}, "Mr. Thompson": {}, "Ray": {}, "Janice Litman Goralnik": {}, "Allesandro": {}, "Ashley": {}, "Stripper": {}, "Doctor Connelly": {}, "Benjamin Hobart": {}, "Mr. Zelner": {}, "Gary Collins": {}, "Nurse #2": {}, "Leslie": {}, "Kim": {}, "The Lurker": {}, "Man's Voice": {}, "Casting Director No. 1": {}, "Mac": {}, "Alex": {}, "Stu": {}, "Erica Ford": {}, "Trudie Styler": {}, "Dan": {}, "Margha": {}, "Colleen": {}, "Claudia": {}}