{"name": "spolin", "brief description": "Selected Pairs of Learnable ImprovisatioN (SPOLIN) is a collection of more than 68,000 \"Yes, and\" type dialogue pairs extracted from the Spontaneanation podcast by Paul F. Tompkins, the Cornell Movie-Dialogs Corpus, and the SubTle corpus.", "authors": "Hyundong Justin Cho, Jonathan May", "poc_email": "jcho@isi.edu", "github_url": "https://github.com/wise-east/spolin", "publication_title": "Grounding Conversations with Improvised Dialogues", "publication_venue": "ACL2020", "publication_url": "https://aclanthology.org/2020.acl-main.218/", "license": "Creative Commons Attribution-NonCommercial 4.0 International License"}