{"utterances-index": {"split": ["<class 'str'>"], "label": ["<class 'int'>"], "source": ["<class 'str'>"]}, "speakers-index": {}, "conversations-index": {}, "overall-index": {"name": ["<class 'str'>"], "brief description": ["<class 'str'>"], "authors": ["<class 'str'>"], "poc_email": ["<class 'str'>"], "github_url": ["<class 'str'>"], "publication_title": ["<class 'str'>"], "publication_venue": ["<class 'str'>"], "publication_url": ["<class 'str'>"], "license": ["<class 'str'>"]}, "version": 1, "vectors": []}