{"utterances-index": {"dialogue_id": ["<class 'int'>"], "annotations": ["<class 'str'>"], "speaker_internal_id": ["<class 'str'>"], "speaker_id": ["<class 'str'>"], "issue2youget": ["<class 'dict'>"], "issue2theyget": ["<class 'dict'>"], "data": ["<class 'str'>"]}, "speakers-index": {"speaker_id": ["<class 'str'>"], "demographics": ["<class 'dict'>"], "personality": ["<class 'dict'>"]}, "conversations-index": {"dialogue_id": ["<class 'int'>"], "participant_info": ["<class 'dict'>"]}, "overall-index": {"name": ["<class 'str'>"], "dataset_url": ["<class 'str'>"], "paper_url": ["<class 'str'>"]}, "version": 1, "vectors": []}