{"apologetic": ["\u5f88 \u9057\u61be", "\u5bf9\u4e0d\u8d77", "\u5bf9\u4e0d\u4f4f", "\u62b1\u6b49", "\u9a9a\u745e", "\u4e0d\u597d\u610f\u601d", "\u5f88\u9057\u61be"], "best_wishes": ["\u795d \u4f60", "\u795d \u60a8", "\u795d \u5404\u4f4d", "\u795d \u5927\u5bb6"], "indirect_btw": ["\u5bf9 \u4e86", "\u8bf4 \u8d77\u6765", "\u5bf9\u4e86", "\u8bdd\u8bf4", "\u8bf4\u8d77\u6765"], "factuality": ["\u8bb2 \u771f", "\u8bf4 \u5b9e\u8bdd", "\u5176\u5b9e", "\u8bf4\u5b9e\u8bdd", "\u8bb2\u771f"], "you_honorific": ["\u60a8"], "hedge": ["\u53ef", "\u53ef\u4ee5", "\u80fd", "\u4e0d\u80fd", "\u5e94", "\u5e94\u8be5", "\u9700", "\u4f1a", "\u4e0d\u4f1a", "\u5c06", "\u4e00\u4e9b", "\u51e0\u4e4e", "\u4e0a\u4e0b", "\u5de6\u53f3", "\u5c3d\u53ef\u80fd", "\u591a", "\u5c11\u6570", "\u591a\u6570", "\u9a8c\u8bc1", "\u6309\u65f6", "\u8868\u660e", "\u63a8\u6d4b", "\u5224\u65ad", "\u731c\u6d4b", "\u731c", "\u4f30\u8ba1", "\u5927\u6982", "\u6ca1\u51c6", "\u4e5f\u8bb8", "\u6216\u8bb8", "\u6216\u8005", "\u53ef\u80fd", "\u4f3c\u4e4e", "\u8bf4\u4e0d\u5b9a", "\u5c11\u8bb8", "\u7a0d\u5fae", "\u4e00\u70b9\u513f", "\u4e00\u70b9", "\u4e00\u4e01\u70b9", "\u4e00\u4e01\u70b9\u513f", "\u7a0d\u7a0d", "\u5c11\u91cf"], "gratitude": ["\u611f\u8c22", "\u8c22\u8c22", "\u91cd\u8c22", "\u9e23\u8c22"], "taboo": ["\u62f7", "\u9760", "\u64cd", "\u8279", "\u8349", "cao", "\u6211\u64e6", "\u64e6\u561e", "\u5e72", "\u5478", "\u592d\u5bff", "\u4ed6\u5988", "\u4ed6\u59b9\u7684", "\u4f60\u5988", "\u4f60\u59b9", "nm", "tm", "\u53bb\u4f60\u7684", "\u4ed6\u5976\u5976\u7684", "tnnd", "\u5988\u86cb", "\u5988\u7684", "md", "\u8be5\u6b7b", "\u9760\u80cc", "\u9760\u676f", "\u767d\u76ee", "\u767d\u75f4", "\u4eba\u6e23", "\u738b\u516b\u86cb", "\u602a\u80ce", "\u5b6c\u79cd", "\u755c\u751f", "\u6deb\u5987", "\u6df7\u86cb", "\u6df7\u86cb", "\u9b42\u6de1", "\u9f9f\u5b59", "\u7b28\u86cb", "\u667a\u969c", "\u50bb\u74dc", "\u8822\u732a", "\u8822\u72d7", "\u50bb\u72d7", "\u7a9d\u56ca\u5e9f", "\u5e9f\u7269", "\u6cfc\u5987", "\u9a9a\u8d27", "\u9a9a\u903c", "\u8d31\u4eba", "\u8d31\u8d27", "\u8361\u5987", "\u6742\u79cd", "\u574f\u86cb", "\u70c2\u8d27", "\u50bb\u5e3d", "250", "\u8d30\u4f70\u4f0d", "\u4e8c\u8d27", "2B", "\u4e8c\u767e\u4e94", "SB", "\u50bb\u903c", "\u50bbB", "\u715e\u7b14", "\u6c99\u6bd4", "\u6df7\u8d26", "\u5a4a\u5b50", "\u8111\u6b8b", "\u7c73\u7530\u5171", "\u5c41", "\u5c4e", "\u5c4c", "\u7caa", "\u5c3f", "\u6b7b"], "emergency": ["\u8d76\u7d27", "\u7acb\u523b", "\u9a6c\u4e0a", "\u8d76\u5feb", "\u7d27\u6025", "\u5c3d\u5feb", "\u7acb\u9a6c"], "honorifics": ["\u4ee4\u5c0a", "\u4ee4\u5802", "\u4ee4\u5144", "\u4ee4\u59b9", "\u4ee4\u90ce", "\u4ee4\u7231", "\u4ee4\u9603", "\u4ee4\u4eb2", "\u60e0\u4e34", "\u60e0\u987e", "\u60e0\u5b58", "\u5782\u95ee", "\u5782\u8be2", "\u5782\u5ff5", "\u8d50\u6559", "\u8d50\u81b3", "\u8d50\u590d", "\u8bf7\u95ee", "\u8bf7\u6559", "\u9ad8\u89c1", "\u9ad8\u8bba", "\u9ad8\u8db3", "\u9ad8\u5bff", "\u9ad8\u9f84", "\u9ad8\u5c31", "\u534e\u8bde", "\u8d24\u5f1f", "\u8d24\u4f84", "\u5148\u751f", "\u5973\u58eb", "\u592b\u4eba"], "greeting": ["\u55e8", "\u54c8\u55bd", "\u54c8\u7f57", "\u563f"], "promise": ["\u4e00\u5b9a", "\u80af\u5b9a", "\u7edd\u5bf9", "\u6ca1\u9519", "\u5fc5", "\u4fdd\u8bc1", "\u786e\u51ff"], "ingroup_iden": ["\u54b1", "\u54b1\u4eec"], "together": ["\u4e00\u8d77", "\u4e00\u9f50", "\u4e00\u540c", "\u4e00\u5757\u513f"], "praise": ["\u5389\u5bb3", "\u68d2", "\u5f3a", "\u725b", "\u7f8e", "\u6f02\u4eae", "\u771f \u5389\u5bb3", "\u771f \u68d2", "\u771f \u5f3a", "\u771f \u725b", "\u771f \u7f8e", "\u771f \u6f02\u4eae", "\u597d \u5389\u5bb3", "\u597d \u68d2", "\u597d \u5f3a", "\u597d \u725b", "\u597d \u7f8e", "\u597d \u6f02\u4eae", "\u5e72 \u7684 \u597d", "\u5e72 \u7684 \u6f02\u4eae", "\u5e72 \u7684 \u771f \u597d", "\u5e72 \u7684 \u771f \u6f02\u4eae", "\u5e72 \u5f97 \u597d", "\u5e72 \u5f97 \u6f02\u4eae", "\u5e72 \u5f97 \u771f \u597d", "\u5e72 \u5f97 \u771f \u6f02\u4eae"]}