{"By.The.Way": ["by the way", "btw"], "Indicative": ["can you", "will you", "can u", "will u"], "Subjunctive": ["could you", "would you", "could u", "would u"], "For.Me": ["for me", "for us"], "For.You": ["for you", "for u"], "Reassurance": ["is okay", "is fine", "you are good", "not worry", "no worries", "no problem", "no big deal", "not a big deal"], "Hedges": ["certain amount", "certain extent", "certain level", "from our perspective", "in general", "in most cases", "in most instances", "in our view", "on the whole", "from this perspective", "from my perspective", "in my view", "in this view", "in our opinion", "in my opinion", "to my knowledge", "almost", "apparent", "apparently", "approximately", "around", "doubtful", "essentially", "frequently", "generally", "largely", "likely", "mainly", "mostly", "often", "perhaps", "plausible", "plausibly", "possible", "possibly", "presumable", "probable", "probably", "maybe", "relatively", "roughly", "sometimes", "somewhat", "typical", "typically", "uncertain", "uncertainly", "unclear", "unclearly", "unlikely", "usually", "broadly", "presumably", "fairly", "quite", "rather"], "Actually": ["really", "actually", "honestly", "surely"], "Apology": ["sorry", "woops", "oops", "whoops"], "Filler": ["um", "uh", "hmm"], "Gratitude": ["thank", "thx", "thanks", "thankyou"], "Greeting": ["hi", "hello", "hey"], "Swearing": ["wtf", "wth", "bloody", "crappy", "damn", "goddamn", "darn", "fucking", "jeez"]}