{"utterances-index": {"End": "<class 'str'>", "Duration": "<class 'str'>", "Sentiment": "<class 'float'>", "Decision": "<class 'float'>", "Private": "<class 'float'>", "Survival Item": "<class 'float'>"}, "speakers-index": {"Year at UFV": "<class 'int'>", "Gender": "<class 'int'>", "English": "<class 'int'>", "AIS": "<class 'float'>", "AII": "<class 'float'>", "Ind_TE": "<class 'int'>", "Ind_WW": "<class 'float'>", "Ind_TM": "<class 'float'>", "Ind_Eff": "<class 'float'>", "Ind_QW": "<class 'float'>", "Ind_Sat": "<class 'float'>", "Ind_Lead": "<class 'int'>", "Group Number": "<class 'str'>"}, "conversations-index": {"Group Number": "<class 'str'>", "Meeting Size": "<class 'float'>", "Meeting Length in Minutes": "<class 'float'>", "AGS": "<class 'float'>", "Group_TE": "<class 'float'>", "Group_WW": "<class 'float'>", "Group_TM": "<class 'float'>", "Group_Eff": "<class 'float'>", "Group_QW": "<class 'float'>", "Group_Sat": "<class 'float'>"}, "overall-index": {"name": "<class 'str'>"}, "version": 1}