{"1.Pink": {"Year at UFV": 4, "Gender": 2, "English": 1, "AIS": 88.0, "AII": 40.0, "Ind_TE": 5, "Ind_WW": 5.0, "Ind_TM": 5.0, "Ind_Eff": 5.0, "Ind_QW": 5.0, "Ind_Sat": 5.0, "Ind_Lead": 5, "Group Number": "1"}, "1.Blue": {"Year at UFV": 1, "Gender": 2, "English": 1, "AIS": 64.0, "AII": 76.0, "Ind_TE": 5, "Ind_WW": 5.0, "Ind_TM": 5.0, "Ind_Eff": 5.0, "Ind_QW": 5.0, "Ind_Sat": 5.0, "Ind_Lead": 2, "Group Number": "1"}, "1.Green": {"Year at UFV": 6, "Gender": 1, "English": 2, "AIS": 85.0, "AII": 12.0, "Ind_TE": 4, "Ind_WW": 5.0, "Ind_TM": 5.0, "Ind_Eff": 4.0, "Ind_QW": 5.0, "Ind_Sat": 4.6, "Ind_Lead": 4, "Group Number": "1"}, "10.Orange": {"Year at UFV": 4, "Gender": 2, "English": 1, "AIS": 55.0, "AII": 56.0, "Ind_TE": 5, "Ind_WW": 4.0, "Ind_TM": 5.0, "Ind_Eff": 5.0, "Ind_QW": 4.0, "Ind_Sat": 4.6, "Ind_Lead": 4, "Group Number": "10"}, "10.Pink": {"Year at UFV": 1, "Gender": 1, "English": 1, "AIS": 57.0, "AII": 33.0, "Ind_TE": 5, "Ind_WW": 4.0, "Ind_TM": 4.0, "Ind_Eff": 5.0, "Ind_QW": 4.0, "Ind_Sat": 4.4, "Ind_Lead": 3, "Group Number": "10"}, "11.Pink": {"Year at UFV": 3, "Gender": 2, "English": 1, "AIS": 70.0, "AII": 38.0, "Ind_TE": 2, "Ind_WW": 3.0, "Ind_TM": 4.0, "Ind_Eff": 2.0, "Ind_QW": 3.0, "Ind_Sat": 2.8, "Ind_Lead": 4, "Group Number": "11"}, "11.Green": {"Year at UFV": 3, "Gender": 2, "English": 2, "AIS": 92.0, "AII": 44.0, "Ind_TE": 3, "Ind_WW": 5.0, "Ind_TM": 5.0, "Ind_Eff": 1.0, "Ind_QW": 5.0, "Ind_Sat": 3.8, "Ind_Lead": 5, "Group Number": "11"}, "12.Blue": {"Year at UFV": 2, "Gender": 2, "English": 2, "AIS": 80.0, "AII": 26.0, "Ind_TE": 4, "Ind_WW": 5.0, "Ind_TM": 4.0, "Ind_Eff": 4.0, "Ind_QW": 4.0, "Ind_Sat": 4.2, "Ind_Lead": 3, "Group Number": "12"}, "12.Green": {"Year at UFV": 1, "Gender": 2, "English": 1, "AIS": 96.0, "AII": 40.0, "Ind_TE": 5, "Ind_WW": 4.0, "Ind_TM": 5.0, "Ind_Eff": 4.0, "Ind_QW": 5.0, "Ind_Sat": 4.6, "Ind_Lead": 3, "Group Number": "12"}, "12.Pink": {"Year at UFV": 1, "Gender": 2, "English": 1, "AIS": 75.0, "AII": 52.0, "Ind_TE": 4, "Ind_WW": 5.0, "Ind_TM": 5.0, "Ind_Eff": 5.0, "Ind_QW": 5.0, "Ind_Sat": 4.8, "Ind_Lead": 4, "Group Number": "12"}, "12.Orange": {"Year at UFV": 2, "Gender": 2, "English": 1, "AIS": 102.0, "AII": 32.0, "Ind_TE": 4, "Ind_WW": 5.0, "Ind_TM": 5.0, "Ind_Eff": 5.0, "Ind_QW": 5.0, "Ind_Sat": 4.8, "Ind_Lead": 4, "Group Number": "12"}, "13.Yellow": {"Year at UFV": 2, "Gender": 1, "English": 1, "AIS": 77.0, "AII": 24.0, "Ind_TE": 4, "Ind_WW": 4.0, "Ind_TM": 3.0, "Ind_Eff": 4.0, "Ind_QW": 3.0, "Ind_Sat": 3.6, "Ind_Lead": 4, "Group Number": "13"}, "13.Blue": {"Year at UFV": 2, "Gender": 2, "English": 2, "AIS": 77.0, "AII": 70.0, "Ind_TE": 4, "Ind_WW": 5.0, "Ind_TM": 5.0, "Ind_Eff": 4.0, "Ind_QW": 5.0, "Ind_Sat": 4.6, "Ind_Lead": 4, "Group Number": "13"}, "14.Red": {"Year at UFV": 5, "Gender": 1, "English": 1, "AIS": 68.0, "AII": 41.0, "Ind_TE": 1, "Ind_WW": 4.0, "Ind_TM": 5.0, "Ind_Eff": 4.0, "Ind_QW": 5.0, "Ind_Sat": 3.8, "Ind_Lead": 5, "Group Number": "14"}, "14.Blue": {"Year at UFV": 1, "Gender": 2, "English": 1, "AIS": 62.0, "AII": 56.0, "Ind_TE": 1, "Ind_WW": 4.0, "Ind_TM": 5.0, "Ind_Eff": 5.0, "Ind_QW": 5.0, "Ind_Sat": 4.0, "Ind_Lead": 3, "Group Number": "14"}, "14.Yellow": {"Year at UFV": 1, "Gender": 2, "English": 1, "AIS": 86.0, "AII": 38.0, "Ind_TE": 2, "Ind_WW": 4.0, "Ind_TM": 5.0, "Ind_Eff": 5.0, "Ind_QW": 4.0, "Ind_Sat": 4.0, "Ind_Lead": 2, "Group Number": "14"}, "14.Pink": {"Year at UFV": 2, "Gender": 1, "English": 1, "AIS": 82.0, "AII": 68.0, "Ind_TE": 2, "Ind_WW": 5.0, "Ind_TM": 4.0, "Ind_Eff": 5.0, "Ind_QW": 4.0, "Ind_Sat": 4.0, "Ind_Lead": 1, "Group Number": "14"}, "15.Orange": {"Year at UFV": 3, "Gender": 2, "English": 1, "AIS": 80.0, "AII": 52.0, "Ind_TE": 4, "Ind_WW": 5.0, "Ind_TM": 5.0, "Ind_Eff": 5.0, "Ind_QW": 4.0, "Ind_Sat": 4.6, "Ind_Lead": 4, "Group Number": "15"}, "15.Purple": {"Year at UFV": 4, "Gender": 2, "English": 1, "AIS": 92.0, "AII": 46.0, "Ind_TE": 3, "Ind_WW": 5.0, "Ind_TM": 2.0, "Ind_Eff": 2.0, "Ind_QW": 4.0, "Ind_Sat": 3.2, "Ind_Lead": 4, "Group Number": "15"}, "15.Yellow": {"Year at UFV": 2, "Gender": 1, "English": 1, "AIS": 68.0, "AII": 34.0, "Ind_TE": 4, "Ind_WW": 4.0, "Ind_TM": 5.0, "Ind_Eff": 3.0, "Ind_QW": 3.0, "Ind_Sat": 3.8, "Ind_Lead": 4, "Group Number": "15"}, "15.Blue": {"Year at UFV": 1, "Gender": 2, "English": 1, "AIS": 74.0, "AII": 65.0, "Ind_TE": 4, "Ind_WW": 5.0, "Ind_TM": 4.0, "Ind_Eff": 5.0, "Ind_QW": 5.0, "Ind_Sat": 4.6, "Ind_Lead": 3, "Group Number": "15"}, "16.Yellow": {"Year at UFV": 2, "Gender": 2, "English": 1, "AIS": 64.0, "AII": 48.0, "Ind_TE": 2, "Ind_WW": 5.0, "Ind_TM": 5.0, "Ind_Eff": 5.0, "Ind_QW": 5.0, "Ind_Sat": 4.4, "Ind_Lead": 5, "Group Number": "16"}, "16.Blue": {"Year at UFV": 5, "Gender": 2, "English": 1, "AIS": 57.0, "AII": 35.0, "Ind_TE": 1, "Ind_WW": 4.0, "Ind_TM": 5.0, "Ind_Eff": 5.0, "Ind_QW": 4.0, "Ind_Sat": 3.8, "Ind_Lead": 5, "Group Number": "16"}, "16.Pink": {"Year at UFV": 3, "Gender": 1, "English": 2, "AIS": 80.0, "AII": 54.0, "Ind_TE": 2, "Ind_WW": 5.0, "Ind_TM": 3.0, "Ind_Eff": 5.0, "Ind_QW": 4.0, "Ind_Sat": 3.8, "Ind_Lead": 3, "Group Number": "16"}, "17.Orange": {"Year at UFV": 2, "Gender": 2, "English": 1, "AIS": 58.0, "AII": 48.0, "Ind_TE": 1, "Ind_WW": 4.0, "Ind_TM": 4.0, "Ind_Eff": 4.0, "Ind_QW": 3.0, "Ind_Sat": 3.2, "Ind_Lead": 4, "Group Number": "17"}, "17.Blue": {"Year at UFV": 1, "Gender": 2, "English": 1, "AIS": 66.0, "AII": 54.0, "Ind_TE": 1, "Ind_WW": 5.0, "Ind_TM": 5.0, "Ind_Eff": 5.0, "Ind_QW": 5.0, "Ind_Sat": 4.2, "Ind_Lead": 4, "Group Number": "17"}, "17.Yellow": {"Year at UFV": 2, "Gender": 2, "English": 1, "AIS": 84.0, "AII": 78.0, "Ind_TE": 5, "Ind_WW": 5.0, "Ind_TM": 3.0, "Ind_Eff": 4.0, "Ind_QW": 3.0, "Ind_Sat": 4.0, "Ind_Lead": 3, "Group Number": "17"}, "17.Pink": {"Year at UFV": 1, "Gender": 2, "English": 1, "AIS": 79.0, "AII": 58.0, "Ind_TE": 1, "Ind_WW": 4.0, "Ind_TM": 4.0, "Ind_Eff": 4.0, "Ind_QW": 5.0, "Ind_Sat": 3.6, "Ind_Lead": 3, "Group Number": "17"}, "18.Pink": {"Year at UFV": 1, "Gender": 2, "English": 1, "AIS": 61.0, "AII": 61.0, "Ind_TE": 5, "Ind_WW": 3.5, "Ind_TM": 4.0, "Ind_Eff": 3.0, "Ind_QW": 3.5, "Ind_Sat": 3.8, "Ind_Lead": 4, "Group Number": "18"}, "18.Blue": {"Year at UFV": 2, "Gender": 1, "English": 1, "AIS": 66.0, "AII": 70.0, "Ind_TE": 5, "Ind_WW": 4.0, "Ind_TM": 2.5, "Ind_Eff": 3.5, "Ind_QW": 3.0, "Ind_Sat": 3.6, "Ind_Lead": 3, "Group Number": "18"}, "18.Orange": {"Year at UFV": 1, "Gender": 2, "English": 2, "AIS": 56.0, "AII": 67.0, "Ind_TE": 1, "Ind_WW": 1.0, "Ind_TM": 2.0, "Ind_Eff": 2.0, "Ind_QW": 1.0, "Ind_Sat": 1.4, "Ind_Lead": 3, "Group Number": "18"}, "19.Blue": {"Year at UFV": 4, "Gender": 2, "English": 2, "AIS": 90.0, "AII": 32.0, "Ind_TE": 2, "Ind_WW": 4.0, "Ind_TM": 4.0, "Ind_Eff": 5.0, "Ind_QW": 4.0, "Ind_Sat": 3.8, "Ind_Lead": 4, "Group Number": "19"}, "19.Pink": {"Year at UFV": 2, "Gender": 2, "English": 1, "AIS": 76.0, "AII": 26.0, "Ind_TE": 1, "Ind_WW": 5.0, "Ind_TM": 5.0, "Ind_Eff": 5.0, "Ind_QW": 5.0, "Ind_Sat": 4.2, "Ind_Lead": 3, "Group Number": "19"}, "19.Orange": {"Year at UFV": 2, "Gender": 2, "English": 1, "AIS": 66.0, "AII": 46.0, "Ind_TE": 2, "Ind_WW": 5.0, "Ind_TM": 5.0, "Ind_Eff": 5.0, "Ind_QW": 4.0, "Ind_Sat": 4.2, "Ind_Lead": 3, "Group Number": "19"}, "2.Pink": {"Year at UFV": 3, "Gender": 1, "English": 1, "AIS": 92.0, "AII": 48.0, "Ind_TE": 4, "Ind_WW": 4.0, "Ind_TM": 5.0, "Ind_Eff": 5.0, "Ind_QW": 4.0, "Ind_Sat": 4.4, "Ind_Lead": 3, "Group Number": "2"}, "2.Blue": {"Year at UFV": 4, "Gender": 2, "English": 1, "AIS": 68.0, "AII": 20.0, "Ind_TE": 5, "Ind_WW": 5.0, "Ind_TM": 5.0, "Ind_Eff": 5.0, "Ind_QW": 5.0, "Ind_Sat": 5.0, "Ind_Lead": 4, "Group Number": "2"}, "20.Blue": {"Year at UFV": 1, "Gender": 2, "English": 1, "AIS": 82.0, "AII": 58.0, "Ind_TE": 1, "Ind_WW": 4.0, "Ind_TM": 5.0, "Ind_Eff": 5.0, "Ind_QW": 5.0, "Ind_Sat": 4.0, "Ind_Lead": 4, "Group Number": "20"}, "20.Pink": {"Year at UFV": 2, "Gender": 2, "English": 1, "AIS": 84.0, "AII": 32.0, "Ind_TE": 5, "Ind_WW": 5.0, "Ind_TM": 5.0, "Ind_Eff": 5.0, "Ind_QW": 5.0, "Ind_Sat": 5.0, "Ind_Lead": 3, "Group Number": "20"}, "20.Orange": {"Year at UFV": 2, "Gender": 2, "English": 1, "AIS": 82.0, "AII": 52.0, "Ind_TE": 2, "Ind_WW": 4.0, "Ind_TM": 5.0, "Ind_Eff": 5.0, "Ind_QW": 4.0, "Ind_Sat": 4.0, "Ind_Lead": 2, "Group Number": "20"}, "21.Blue": {"Year at UFV": 1, "Gender": 2, "English": 1, "AIS": 82.0, "AII": 22.0, "Ind_TE": 1, "Ind_WW": 5.0, "Ind_TM": 5.0, "Ind_Eff": 1.0, "Ind_QW": 5.0, "Ind_Sat": 3.4, "Ind_Lead": 5, "Group Number": "21"}, "21.Pink": {"Year at UFV": 2, "Gender": 2, "English": 1, "AIS": 64.0, "AII": 48.0, "Ind_TE": 2, "Ind_WW": 5.0, "Ind_TM": 5.0, "Ind_Eff": 4.0, "Ind_QW": 4.0, "Ind_Sat": 4.0, "Ind_Lead": 4, "Group Number": "21"}, "21.Orange": {"Year at UFV": 1, "Gender": 2, "English": 1, "AIS": 84.0, "AII": 76.0, "Ind_TE": 2, "Ind_WW": 5.0, "Ind_TM": 5.0, "Ind_Eff": 5.0, "Ind_QW": 5.0, "Ind_Sat": 4.4, "Ind_Lead": 1, "Group Number": "21"}, "22.Blue": {"Year at UFV": 1, "Gender": 2, "English": 1, "AIS": 79.0, "AII": 65.0, "Ind_TE": 2, "Ind_WW": 4.0, "Ind_TM": 4.0, "Ind_Eff": 4.0, "Ind_QW": 4.0, "Ind_Sat": 3.6, "Ind_Lead": 4, "Group Number": "22"}, "22.Pink": {"Year at UFV": 1, "Gender": 2, "English": 1, "AIS": 78.0, "AII": 34.0, "Ind_TE": 3, "Ind_WW": 5.0, "Ind_TM": 5.0, "Ind_Eff": 5.0, "Ind_QW": 5.0, "Ind_Sat": 4.6, "Ind_Lead": 3, "Group Number": "22"}, "22.Orange": {"Year at UFV": 1, "Gender": 2, "English": 1, "AIS": 78.0, "AII": 28.0, "Ind_TE": 2, "Ind_WW": 5.0, "Ind_TM": 5.0, "Ind_Eff": 5.0, "Ind_QW": 4.0, "Ind_Sat": 4.2, "Ind_Lead": 3, "Group Number": "22"}, "23.Orange": {"Year at UFV": 1, "Gender": 2, "English": 1, "AIS": 82.0, "AII": 24.0, "Ind_TE": 1, "Ind_WW": 5.0, "Ind_TM": 5.0, "Ind_Eff": 5.0, "Ind_QW": 5.0, "Ind_Sat": 4.2, "Ind_Lead": 5, "Group Number": "23"}, "23.Blue": {"Year at UFV": 1, "Gender": 2, "English": 1, "AIS": 88.0, "AII": 35.0, "Ind_TE": 2, "Ind_WW": 5.0, "Ind_TM": 4.0, "Ind_Eff": 4.0, "Ind_QW": 4.0, "Ind_Sat": 3.8, "Ind_Lead": 3, "Group Number": "23"}, "24.Blue": {"Year at UFV": 1, "Gender": 1, "English": 1, "AIS": 58.0, "AII": 74.0, "Ind_TE": 4, "Ind_WW": 4.0, "Ind_TM": 3.0, "Ind_Eff": 4.0, "Ind_QW": 4.0, "Ind_Sat": 3.8, "Ind_Lead": 4, "Group Number": "24"}, "24.Orange": {"Year at UFV": 1, "Gender": 2, "English": 1, "AIS": 88.0, "AII": 68.0, "Ind_TE": 1, "Ind_WW": 4.0, "Ind_TM": 3.0, "Ind_Eff": 5.0, "Ind_QW": 5.0, "Ind_Sat": 3.6, "Ind_Lead": 2, "Group Number": "24"}, "24.Pink": {"Year at UFV": 1, "Gender": 2, "English": 1, "AIS": 76.64, "AII": 43.87, "Ind_TE": 2, "Ind_WW": 4.0, "Ind_TM": 5.0, "Ind_Eff": 5.0, "Ind_QW": 4.0, "Ind_Sat": 4.0, "Ind_Lead": 2, "Group Number": "24"}, "25.Pink": {"Year at UFV": 1, "Gender": 2, "English": 2, "AIS": 102.0, "AII": 28.0, "Ind_TE": 3, "Ind_WW": 4.0, "Ind_TM": 5.0, "Ind_Eff": 1.0, "Ind_QW": 5.0, "Ind_Sat": 3.6, "Ind_Lead": 5, "Group Number": "25"}, "25.Orange": {"Year at UFV": 3, "Gender": 2, "English": 1, "AIS": 76.0, "AII": 56.0, "Ind_TE": 2, "Ind_WW": 4.0, "Ind_TM": 3.0, "Ind_Eff": 4.0, "Ind_QW": 4.0, "Ind_Sat": 3.4, "Ind_Lead": 4, "Group Number": "25"}, "25.Blue": {"Year at UFV": 1, "Gender": 2, "English": 1, "AIS": 76.0, "AII": 78.0, "Ind_TE": 1, "Ind_WW": 4.0, "Ind_TM": 4.0, "Ind_Eff": 4.0, "Ind_QW": 4.0, "Ind_Sat": 3.4, "Ind_Lead": 3, "Group Number": "25"}, "26.Pink": {"Year at UFV": 2, "Gender": 2, "English": 1, "AIS": 84.0, "AII": 61.0, "Ind_TE": 4, "Ind_WW": 4.0, "Ind_TM": 5.0, "Ind_Eff": 5.0, "Ind_QW": 5.0, "Ind_Sat": 4.6, "Ind_Lead": 4, "Group Number": "26"}, "26.Blue": {"Year at UFV": 1, "Gender": 2, "English": 1, "AIS": 74.0, "AII": 36.0, "Ind_TE": 1, "Ind_WW": 3.0, "Ind_TM": 5.0, "Ind_Eff": 4.0, "Ind_QW": 4.0, "Ind_Sat": 3.4, "Ind_Lead": 2, "Group Number": "26"}, "26.Orange": {"Year at UFV": 1, "Gender": 2, "English": 1, "AIS": 84.0, "AII": 36.0, "Ind_TE": 2, "Ind_WW": 4.0, "Ind_TM": 3.0, "Ind_Eff": 4.0, "Ind_QW": 4.0, "Ind_Sat": 3.4, "Ind_Lead": 4, "Group Number": "26"}, "27.Pink": {"Year at UFV": 1, "Gender": 2, "English": 1, "AIS": 76.0, "AII": 44.0, "Ind_TE": 2, "Ind_WW": 4.0, "Ind_TM": 4.0, "Ind_Eff": 4.0, "Ind_QW": 4.0, "Ind_Sat": 3.6, "Ind_Lead": 3, "Group Number": "27"}, "27.Orange": {"Year at UFV": 1, "Gender": 2, "English": 1, "AIS": 78.0, "AII": 42.0, "Ind_TE": 1, "Ind_WW": 5.0, "Ind_TM": 5.0, "Ind_Eff": 5.0, "Ind_QW": 5.0, "Ind_Sat": 4.2, "Ind_Lead": 4, "Group Number": "27"}, "27.Blue": {"Year at UFV": 1, "Gender": 2, "English": 1, "AIS": 68.0, "AII": 58.0, "Ind_TE": 3, "Ind_WW": 5.0, "Ind_TM": 4.0, "Ind_Eff": 5.0, "Ind_QW": 4.0, "Ind_Sat": 4.2, "Ind_Lead": 3, "Group Number": "27"}, "28.Blue": {"Year at UFV": 1, "Gender": 2, "English": 1, "AIS": 76.0, "AII": 48.0, "Ind_TE": 2, "Ind_WW": 4.0, "Ind_TM": 4.0, "Ind_Eff": 4.0, "Ind_QW": 5.0, "Ind_Sat": 3.6, "Ind_Lead": 5, "Group Number": "28"}, "28.Orange": {"Year at UFV": 1, "Gender": 1, "English": 1, "AIS": 88.0, "AII": 36.0, "Ind_TE": 2, "Ind_WW": 4.0, "Ind_TM": 5.0, "Ind_Eff": 4.0, "Ind_QW": 5.0, "Ind_Sat": 4.0, "Ind_Lead": 4, "Group Number": "28"}, "28.Pink": {"Year at UFV": 2, "Gender": 1, "English": 1, "AIS": 92.0, "AII": 48.0, "Ind_TE": 2, "Ind_WW": 4.0, "Ind_TM": 4.0, "Ind_Eff": 4.0, "Ind_QW": 5.0, "Ind_Sat": 3.8, "Ind_Lead": 4, "Group Number": "28"}, "3.Green": {"Year at UFV": 2, "Gender": 1, "English": 1, "AIS": 74.0, "AII": 32.0, "Ind_TE": 4, "Ind_WW": 4.0, "Ind_TM": 4.0, "Ind_Eff": 5.0, "Ind_QW": 4.0, "Ind_Sat": 4.4, "Ind_Lead": 4, "Group Number": "3"}, "3.Pink": {"Year at UFV": 2, "Gender": 2, "English": 1, "AIS": 72.0, "AII": 56.0, "Ind_TE": 5, "Ind_WW": 5.0, "Ind_TM": 5.0, "Ind_Eff": 5.0, "Ind_QW": 5.0, "Ind_Sat": 5.0, "Ind_Lead": 3, "Group Number": "3"}, "4.Blue": {"Year at UFV": 1, "Gender": 2, "English": 1, "AIS": 79.0, "AII": 24.0, "Ind_TE": 5, "Ind_WW": 5.0, "Ind_TM": 5.0, "Ind_Eff": 5.0, "Ind_QW": 5.0, "Ind_Sat": 5.0, "Ind_Lead": 5, "Group Number": "4"}, "4.Orange": {"Year at UFV": 1, "Gender": 2, "English": 1, "AIS": 88.0, "AII": 22.0, "Ind_TE": 4, "Ind_WW": 4.0, "Ind_TM": 5.0, "Ind_Eff": 4.0, "Ind_QW": 5.0, "Ind_Sat": 4.4, "Ind_Lead": 3, "Group Number": "4"}, "4.Yellow": {"Year at UFV": 1, "Gender": 2, "English": 1, "AIS": 91.0, "AII": 28.0, "Ind_TE": 5, "Ind_WW": 4.0, "Ind_TM": 4.0, "Ind_Eff": 4.0, "Ind_QW": 4.0, "Ind_Sat": 4.2, "Ind_Lead": 2, "Group Number": "4"}, "5.Orange": {"Year at UFV": 2, "Gender": 2, "English": 1, "AIS": 88.0, "AII": 30.0, "Ind_TE": 4, "Ind_WW": 3.0, "Ind_TM": 4.0, "Ind_Eff": 4.0, "Ind_QW": 4.0, "Ind_Sat": 3.8, "Ind_Lead": 3, "Group Number": "5"}, "5.Blue": {"Year at UFV": 1, "Gender": 2, "English": 1, "AIS": 72.0, "AII": 32.0, "Ind_TE": 3, "Ind_WW": 5.0, "Ind_TM": 5.0, "Ind_Eff": 5.0, "Ind_QW": 4.0, "Ind_Sat": 4.4, "Ind_Lead": 4, "Group Number": "5"}, "5.Pink": {"Year at UFV": 2, "Gender": 2, "English": 1, "AIS": 84.0, "AII": 46.0, "Ind_TE": 3, "Ind_WW": 4.0, "Ind_TM": 4.0, "Ind_Eff": 4.0, "Ind_QW": 4.0, "Ind_Sat": 3.8, "Ind_Lead": 3, "Group Number": "5"}, "5.Yellow": {"Year at UFV": 1, "Gender": 1, "English": 1, "AIS": 61.0, "AII": 41.0, "Ind_TE": 3, "Ind_WW": 4.0, "Ind_TM": 4.0, "Ind_Eff": 4.0, "Ind_QW": 3.0, "Ind_Sat": 3.6, "Ind_Lead": 3, "Group Number": "5"}, "6.Blue": {"Year at UFV": 1, "Gender": 2, "English": 2, "AIS": 79.0, "AII": 50.0, "Ind_TE": 4, "Ind_WW": 4.0, "Ind_TM": 5.0, "Ind_Eff": 5.0, "Ind_QW": 5.0, "Ind_Sat": 4.6, "Ind_Lead": 2, "Group Number": "6"}, "6.Pink": {"Year at UFV": 4, "Gender": 1, "English": 2, "AIS": 48.0, "AII": 12.0, "Ind_TE": 5, "Ind_WW": 5.0, "Ind_TM": 5.0, "Ind_Eff": 5.0, "Ind_QW": 4.0, "Ind_Sat": 4.8, "Ind_Lead": 4, "Group Number": "6"}, "6.Green": {"Year at UFV": 2, "Gender": 2, "English": 1, "AIS": 74.0, "AII": 50.0, "Ind_TE": 5, "Ind_WW": 5.0, "Ind_TM": 5.0, "Ind_Eff": 5.0, "Ind_QW": 5.0, "Ind_Sat": 5.0, "Ind_Lead": 5, "Group Number": "6"}, "6.Orange": {"Year at UFV": 1, "Gender": 2, "English": 1, "AIS": 70.0, "AII": 70.0, "Ind_TE": 5, "Ind_WW": 5.0, "Ind_TM": 5.0, "Ind_Eff": 5.0, "Ind_QW": 5.0, "Ind_Sat": 5.0, "Ind_Lead": 3, "Group Number": "6"}, "7.Orange": {"Year at UFV": 1, "Gender": 2, "English": 1, "AIS": 68.0, "AII": 38.0, "Ind_TE": 4, "Ind_WW": 5.0, "Ind_TM": 4.0, "Ind_Eff": 5.0, "Ind_QW": 4.0, "Ind_Sat": 4.4, "Ind_Lead": 3, "Group Number": "7"}, "7.Green": {"Year at UFV": 2, "Gender": 1, "English": 1, "AIS": 80.0, "AII": 26.0, "Ind_TE": 3, "Ind_WW": 4.0, "Ind_TM": 5.0, "Ind_Eff": 5.0, "Ind_QW": 5.0, "Ind_Sat": 4.4, "Ind_Lead": 3, "Group Number": "7"}, "7.Blue": {"Year at UFV": 1, "Gender": 2, "English": 1, "AIS": 84.0, "AII": 17.0, "Ind_TE": 2, "Ind_WW": 5.0, "Ind_TM": 4.0, "Ind_Eff": 5.0, "Ind_QW": 4.0, "Ind_Sat": 4.0, "Ind_Lead": 2, "Group Number": "7"}, "8.Blue": {"Year at UFV": 1, "Gender": 1, "English": 1, "AIS": 92.0, "AII": 40.0, "Ind_TE": 4, "Ind_WW": 5.0, "Ind_TM": 5.0, "Ind_Eff": 5.0, "Ind_QW": 4.0, "Ind_Sat": 4.6, "Ind_Lead": 3, "Group Number": "8"}, "8.Green": {"Year at UFV": 1, "Gender": 2, "English": 1, "AIS": 84.0, "AII": 34.0, "Ind_TE": 4, "Ind_WW": 5.0, "Ind_TM": 5.0, "Ind_Eff": 5.0, "Ind_QW": 4.0, "Ind_Sat": 4.6, "Ind_Lead": 5, "Group Number": "8"}, "8.Orange": {"Year at UFV": 1, "Gender": 2, "English": 1, "AIS": 78.0, "AII": 36.0, "Ind_TE": 4, "Ind_WW": 4.0, "Ind_TM": 4.0, "Ind_Eff": 5.0, "Ind_QW": 5.0, "Ind_Sat": 4.4, "Ind_Lead": 3, "Group Number": "8"}, "9.Green": {"Year at UFV": 2, "Gender": 1, "English": 1, "AIS": 67.0, "AII": 20.0, "Ind_TE": 4, "Ind_WW": 5.0, "Ind_TM": 5.0, "Ind_Eff": 5.0, "Ind_QW": 5.0, "Ind_Sat": 4.8, "Ind_Lead": 4, "Group Number": "9"}, "9.Blue": {"Year at UFV": 1, "Gender": 2, "English": 1, "AIS": 62.0, "AII": 24.0, "Ind_TE": 4, "Ind_WW": 4.0, "Ind_TM": 4.0, "Ind_Eff": 3.0, "Ind_QW": 3.0, "Ind_Sat": 3.6, "Ind_Lead": 2, "Group Number": "9"}, "9.Pink": {"Year at UFV": 1, "Gender": 1, "English": 1, "AIS": 70.0, "AII": 38.0, "Ind_TE": 5, "Ind_WW": 4.0, "Ind_TM": 4.0, "Ind_Eff": 5.0, "Ind_QW": 4.0, "Ind_Sat": 4.4, "Ind_Lead": 2, "Group Number": "9"}}